Date,Name,Year,Letterboxd URI
2021-05-09,Whiplash,2014,https://boxd.it/7bQA
2021-05-09,Reservoir Dogs,1992,https://boxd.it/2agc
2021-05-09,Nomadland,2020,https://boxd.it/lnRy
2021-05-09,1917,2019,https://boxd.it/jj4y
2021-05-09,Dunkirk,2017,https://boxd.it/d0Y6
2021-05-09,Léon: The Professional,1994,https://boxd.it/2b8S
2021-05-09,Submarine,2010,https://boxd.it/H4a
2021-05-09,The Silence of the Lambs,1991,https://boxd.it/2aHW
2021-05-09,Juno,2007,https://boxd.it/210a
2021-05-09,Perfect Blue,1997,https://boxd.it/1W7A
2021-05-09,Mononoke,2007,https://boxd.it/meNa
2021-05-09,Angel's Egg,1985,https://boxd.it/1LeA
2021-05-09,Carrie,1976,https://boxd.it/20ZQ
2021-05-19,Midsommar,2019,https://boxd.it/jhxe
2021-05-19,Hereditary,2018,https://boxd.it/hNVe
2021-05-19,Eternal Sunshine of the Spotless Mind,2004,https://boxd.it/6YK
2021-05-19,Samurai Champloo,2004,https://boxd.it/o8go
2021-05-23,Blade Runner,1982,https://boxd.it/2bcA
2021-05-23,Snowpiercer,2013,https://boxd.it/3Icg
2021-05-23,Isle of Dogs,2018,https://boxd.it/dZrW
2021-05-23,10 Things I Hate About You,1999,https://boxd.it/23AO
2021-05-23,Forrest Gump,1994,https://boxd.it/728
2021-05-23,Handsome Devil,2016,https://boxd.it/ewKs
2021-05-23,Clueless,1995,https://boxd.it/1Ygk
2021-05-23,The Life Aquatic with Steve Zissou,2004,https://boxd.it/2aqw
2021-05-23,(500) Days of Summer,2009,https://boxd.it/1EmM
2021-05-23,School of Rock,2003,https://boxd.it/28xK
2021-05-23,Werckmeister Harmonies,2000,https://boxd.it/1zzw
2021-05-23,Satantango,1994,https://boxd.it/1j9M
2021-05-23,Neon Genesis Evangelion: The End of Evangelion,1997,https://boxd.it/1GRM
2021-05-23,The Shining,1980,https://boxd.it/29Nu
2021-05-23,Come and See,1985,https://boxd.it/1w9q
2021-05-23,Schindler's List,1993,https://boxd.it/2aq2
2021-05-23,The Hunt,2012,https://boxd.it/3wEC
2021-05-23,Inception,2010,https://boxd.it/1skk
2021-05-23,Good Will Hunting,1997,https://boxd.it/2ahY
2021-05-23,Heat,1995,https://boxd.it/2bg8
2021-05-23,Once Upon a Time in Anatolia,2011,https://boxd.it/2yHG
2021-05-23,Buffalo '66,1998,https://boxd.it/1YC6
2021-05-23,The Virgin Suicides,1999,https://boxd.it/28JG
2021-05-23,Kiki's Delivery Service,1989,https://boxd.it/1JAY
2021-05-23,Soul,2020,https://boxd.it/ioLA
2021-05-23,Another Round,2020,https://boxd.it/lkba
2021-05-23,Vinyl,1965,https://boxd.it/32DO
2021-05-23,Suspiria,1977,https://boxd.it/1SNW
2021-05-23,Cure,1997,https://boxd.it/1blA
2021-05-23,Monster,2004,https://boxd.it/py6Q
2021-05-23,Watchmen,2019,https://boxd.it/ol5e
2021-05-23,Citizen Kane,1941,https://boxd.it/71O
2021-05-23,Ocean's Eleven,2001,https://boxd.it/2aZm
2021-06-09,The Living End,1992,https://boxd.it/1fRA
2021-06-09,Love Is Colder Than Death,1969,https://boxd.it/1RTY
2021-06-16,Fargo,1996,https://boxd.it/2aHM
2021-06-16,Xiu Xiu: The Sent-Down Girl,1998,https://boxd.it/1fX4
2021-06-16,Farewell My Concubine,1993,https://boxd.it/1UTM
2021-06-16,Detachment,2011,https://boxd.it/2BiY
2021-06-16,The Pianist,2002,https://boxd.it/2aqc
2021-06-16,Black Swan,2010,https://boxd.it/Sw0
2021-06-16,Punch-Drunk Love,2002,https://boxd.it/20E4
2021-06-16,Beats Rhymes & Life: The Travels of A Tribe Called Quest,2011,https://boxd.it/2lDG
2021-06-27,Uzumaki,,https://boxd.it/nimO
2021-06-27,Twin Peaks: Fire Walk with Me,1992,https://boxd.it/27Qw
2021-07-28,Gummo,1997,https://boxd.it/1H0Y
2021-08-04,Sans Soleil,1983,https://boxd.it/28B8
2021-08-04,Vertigo,1958,https://boxd.it/2apI
2021-08-09,Mee Pok Man,1995,https://boxd.it/4mHe
2021-08-09,The Truth About Jane and Sam,1999,https://boxd.it/a9nC
2021-08-09,15: The Movie,2003,https://boxd.it/1r3C
2021-08-09,Suspiria,2018,https://boxd.it/cioI
2021-08-09,Eraserhead,1977,https://boxd.it/299u
2021-08-09,The Exorcist,1973,https://boxd.it/1Yoo
2021-08-09,Martha,1974,https://boxd.it/1Wzu
2021-08-09,The Piano Teacher,2001,https://boxd.it/2886
2021-08-09,The Doom Generation,1995,https://boxd.it/1PVe
2021-08-09,Mysterious Skin,2004,https://boxd.it/1UsG
2021-08-10,The Pervert's Guide to Ideology,2012,https://boxd.it/4bOI
2021-08-10,The Pervert's Guide to Cinema,2005,https://boxd.it/1e48
2021-09-03,Candyman,2021,https://boxd.it/kHFg
2021-09-03,The Martian,2015,https://boxd.it/8SeG
2021-09-03,Hannibal,2001,https://boxd.it/1XVc
2021-09-03,The Fifth Element,1997,https://boxd.it/71k
2021-09-05,YMO: Winter Live '81,1983,https://boxd.it/fn9E
2021-09-05,The Revenant,2015,https://boxd.it/8H5e
2021-09-05,Ryuichi Sakamoto: async Live at the Park Avenue Armory,2018,https://boxd.it/i4tm
2021-09-05,Eyes Wide Shut,1999,https://boxd.it/2axs
2021-09-05,Metropolis,1927,https://boxd.it/71a
2021-09-05,Cléo from 5 to 7,1962,https://boxd.it/2agm
2021-09-05,Midnight Cowboy,1969,https://boxd.it/25Hi
2021-09-05,Full Metal Jacket,1987,https://boxd.it/2a1Q
2021-10-02,Paterson,2016,https://boxd.it/cRk2
2021-10-03,Zodiac,2007,https://boxd.it/27MO
2021-10-25,Requiem for a Dream,2000,https://boxd.it/29VI
2021-10-25,Daisies,1966,https://boxd.it/LZk
2021-10-25,The Untouchables,1987,https://boxd.it/2b6i
2021-10-26,Kamikaze Girls,2004,https://boxd.it/1ucC
2021-11-15,Dear Ex,2018,https://boxd.it/j1XK
2021-11-15,The Sacrifice,1986,https://boxd.it/1xg8
2021-12-01,Elephant,2003,https://boxd.it/287i
2021-12-01,Blue Spring,2001,https://boxd.it/1fIo
2021-12-01,Me Without You,2001,https://boxd.it/1uaG
2021-12-01,Mystery Train,1989,https://boxd.it/1Ub6
2021-12-04,Hunt for the Wilderpeople,2016,https://boxd.it/cTgG
2021-12-04,Personal Velocity,2002,https://boxd.it/1gNO
2021-12-09,Atonement,2007,https://boxd.it/24ui
2021-12-10,The Graduate,1967,https://boxd.it/18Im
2021-12-12,Children of Men,2006,https://boxd.it/1Y2i
2021-12-12,Mikey and Nicky,1976,https://boxd.it/iL4
2021-12-12,Saving Private Ryan,1998,https://boxd.it/29ro
2021-12-12,Jurassic Park,1993,https://boxd.it/2aA2
2021-12-12,E.T. the Extra-Terrestrial,1982,https://boxd.it/2a1G
2021-12-12,Ready Player One,2018,https://boxd.it/aZes
2021-12-12,Minority Report,2002,https://boxd.it/2aWi
2021-12-16,Me and Earl and the Dying Girl,2015,https://boxd.it/9SAE
2022-01-04,Rashomon,1950,https://boxd.it/2a9K
2022-01-04,Seven Samurai,1954,https://boxd.it/2axi
2022-01-04,The Human Condition III: A Soldier's Prayer,1961,https://boxd.it/1dIQ
2022-01-11,The Remains of the Day,1993,https://boxd.it/291A
2022-02-05,Pierrot le Fou,1965,https://boxd.it/26j2
2022-02-05,Breathless,1960,https://boxd.it/2aIK
2022-02-05,Contempt,1963,https://boxd.it/2aJe
2022-03-26,The Shawshank Redemption,1994,https://boxd.it/2aHi
2022-03-27,No Country for Old Men,2007,https://boxd.it/21ew
2022-03-27,Enemy,2013,https://boxd.it/5xtO
2022-03-28,The Intouchables,2011,https://boxd.it/2FT0
2022-03-28,After Yang,2021,https://boxd.it/lx5a
2022-03-29,Do the Right Thing,1989,https://boxd.it/29gA
2022-03-29,There Will Be Blood,2007,https://boxd.it/20Z2
2022-03-29,My King,2015,https://boxd.it/aNq2
2022-04-02,Flee,2021,https://boxd.it/ponM
2022-04-02,Se7en,1995,https://boxd.it/29zs
2022-04-06,Tangerine,2015,https://boxd.it/9QRe
2022-04-06,Annette,2021,https://boxd.it/f0RS
2022-04-06,Benedetta,2021,https://boxd.it/gdNQ
2022-04-06,Girlfriends,1978,https://boxd.it/3JYU
2022-04-10,Poser,2021,https://boxd.it/uVKO
2022-04-22,John and the Hole,2021,https://boxd.it/psLe
2022-05-07,Firebird,2021,https://boxd.it/u1ei
2022-05-07,Men,2022,https://boxd.it/tlc0
2022-05-25,Boyhood,2014,https://boxd.it/3178
2022-05-25,Lady Bird,2017,https://boxd.it/dGNE
2022-05-26,The Medium,2021,https://boxd.it/s0oi
2022-06-01,Donnie Darko,2001,https://boxd.it/2b2A
2022-06-01,Ex Machina,2014,https://boxd.it/7T2k
2022-06-01,Twelve Monkeys,1995,https://boxd.it/2beQ
2022-06-03,Christine,1983,https://boxd.it/1ZRQ
2022-06-06,"Girl, Interrupted",1999,https://boxd.it/25ds
2022-06-07,Top Gun,1986,https://boxd.it/29JC
2022-06-11,Mad God,2021,https://boxd.it/vVPm
2022-06-11,Taste of Cherry,1997,https://boxd.it/1m8W
2022-06-20,The Normal Heart,2014,https://boxd.it/3NR4
2022-06-20,Broker,2022,https://boxd.it/rDUU
2022-06-20,Compartment No. 6,2021,https://boxd.it/lEty
2022-06-20,Nope,2022,https://boxd.it/sDCe
2022-07-04,I Killed My Mother,2009,https://boxd.it/1ubO
2022-07-04,Laurence Anyways,2012,https://boxd.it/3HQu
2022-07-04,In & Out,1997,https://boxd.it/1VlG
2022-09-22,Pearl,2022,https://boxd.it/zPbe
2022-09-22,Barbarian,2022,https://boxd.it/yohi
2022-09-22,Ikiru,1952,https://boxd.it/251c
2022-09-22,Don't Worry Darling,2022,https://boxd.it/mViu
2022-09-22,See How They Run,2022,https://boxd.it/sNVq
2022-09-22,mother!,2017,https://boxd.it/dgRU
2022-09-22,Jackie,2016,https://boxd.it/d6bu
2022-09-22,Girlfight,2000,https://boxd.it/1FfM
2022-09-24,Bros,2022,https://boxd.it/mJZw
2022-09-26,Nymphomaniac: Vol. I,2013,https://boxd.it/7DiG
2022-09-29,Crimes of the Future,2022,https://boxd.it/uTuY
2022-09-29,Speak No Evil,2022,https://boxd.it/vqlg
2022-10-09,Marie Antoinette,2006,https://boxd.it/27Wa
2022-10-09,The Red Shoes,1948,https://boxd.it/1EXI
2022-10-09,The Love Witch,2016,https://boxd.it/cZie
2022-10-13,The Square,2017,https://boxd.it/e5YW
2022-10-13,Entergalactic,2022,https://boxd.it/CPN4
2022-10-25,The Woman King,2022,https://boxd.it/r9a8
2022-11-12,Meet Me in the Bathroom,2022,https://boxd.it/yoNI
2022-11-14,Das Boot,1981,https://boxd.it/2av2
2022-11-15,Mahjong,1996,https://boxd.it/uku
2022-11-15,Empire of the Sun,1987,https://boxd.it/1X4i
2022-11-15,13 Assassins,2010,https://boxd.it/jqc
2022-11-15,The 400 Blows,1959,https://boxd.it/2b1C
2022-11-15,I Like Bats,1986,https://boxd.it/dt2A
2022-11-16,Internal Affairs,1990,https://boxd.it/1UJM
2022-11-16,Napoleon,1927,https://boxd.it/WEC
2022-11-16,A Swedish Love Story,1970,https://boxd.it/1joi
2022-11-16,A Pigeon Sat on a Branch Reflecting on Existence,2014,https://boxd.it/3Ifa
2022-11-16,The Good Boss,2021,https://boxd.it/uVv0
2022-11-16,Godland,2022,https://boxd.it/Ag9E
2022-11-16,Cairo Conspiracy,2022,https://boxd.it/tFAQ
2022-11-16,Corsage,2022,https://boxd.it/xxTS
2022-11-16,Enys Men,2022,https://boxd.it/rM0m
2022-11-16,Metronom,2022,https://boxd.it/AlyO
2022-11-16,Cosmopolis,2012,https://boxd.it/H4O
2022-11-17,Taipei Story,1985,https://boxd.it/3BkC
2022-11-19,House,1977,https://boxd.it/1vsm
2022-11-21,Bergman Island,2021,https://boxd.it/h86E
2022-11-21,Persona,1966,https://boxd.it/29B4
2022-11-21,The Seventh Seal,1957,https://boxd.it/2ahO
2022-11-21,Outer Space,1999,https://boxd.it/3IOY
2022-11-21,The Exquisite Corpus,2015,https://boxd.it/bnh6
2022-11-21,Anonymous Club,2021,https://boxd.it/vLL0
2022-11-22,Under the Silver Lake,2018,https://boxd.it/dSAs
2022-11-23,In Cold Blood,1967,https://boxd.it/1G62
2022-11-23,The Ascent,1977,https://boxd.it/Eew
2022-11-23,Tootsie,1982,https://boxd.it/1YkG
2022-11-23,My Winnipeg,2007,https://boxd.it/1Qz4
2022-11-23,Meantime,1983,https://boxd.it/loW
2022-11-23,A Man Escaped,1956,https://boxd.it/1MzY
2022-11-23,Fox and His Friends,1975,https://boxd.it/Xma
2022-11-23,My Beautiful Laundrette,1985,https://boxd.it/1UhI
2022-11-23,Bicycle Thieves,1948,https://boxd.it/23hW
2022-11-23,Walkabout,1971,https://boxd.it/1bsG
2022-11-23,The Moment of Truth,1965,https://boxd.it/34Xc
2022-11-23,Blood Simple,1984,https://boxd.it/1U16
2022-11-23,Eyes Without a Face,1960,https://boxd.it/1j9i
2022-11-23,Walker,1987,https://boxd.it/1pzc
2022-11-23,Throne of Blood,1957,https://boxd.it/251w
2022-11-23,Don't Look Now,1973,https://boxd.it/29fC
2022-11-24,The Color of Pomegranates,1969,https://boxd.it/1u94
2022-11-25,Leila's Brothers,2022,https://boxd.it/Aly0
2022-11-25,The Abandoned,2022,https://boxd.it/C3Aw
2022-11-25,The Kingdom II,1997,https://boxd.it/1AZq
2022-11-26,Aftersun,2022,https://boxd.it/Arw0
2022-12-02,Beach Rats,2017,https://boxd.it/f5m6
2022-12-02,The Cup,1999,https://boxd.it/1NVQ
2022-12-03,Dogtooth,2009,https://boxd.it/158K
2022-12-05,Meshes of the Afternoon,1943,https://boxd.it/1sEE
2022-12-05,Apocalypse Now,1979,https://boxd.it/6ZS
2022-12-07,An Elephant Sitting Still,2018,https://boxd.it/i1EQ
2022-12-08,Reprise,2006,https://boxd.it/1Sji
2022-12-10,Tokyo Story,1953,https://boxd.it/1HuY
2022-12-10,Paths of Glory,1957,https://boxd.it/29b6
2022-12-10,Andrei Rublev,1966,https://boxd.it/29lg
2022-12-10,A Dog's Will,2000,https://boxd.it/12u4
2022-12-12,"Oslo, August 31st",2011,https://boxd.it/2xQC
2022-12-12,El Camino: A Breaking Bad Movie,2019,https://boxd.it/kv0q
2022-12-16,Smiley Face,2007,https://boxd.it/1QG0
2022-12-16,Guillermo del Toro's Pinocchio,2022,https://boxd.it/kjMW
2022-12-23,"Jeanne Dielman, 23, quai du Commerce, 1080 Bruxelles",1975,https://boxd.it/T18
2022-12-27,Terrorizers,1986,https://boxd.it/2IRG
2023-01-08,FLCL,2000,https://boxd.it/bWtG
2023-01-21,Never Let Me Go,2010,https://boxd.it/Xw0
2023-01-21,Death on the Nile,2022,https://boxd.it/ifpg
2023-01-21,Marcel the Shell with Shoes On,2021,https://boxd.it/wMAk
2023-01-23,The Haunting of Hill House,2018,https://boxd.it/kfJ0
2023-01-23,Midnight Mass,2021,https://boxd.it/wvVA
2023-02-04,Fast & Feel Love,2022,https://boxd.it/xAKk
2023-02-05,The Witch,2015,https://boxd.it/9X0m
2023-02-05,The Northman,2022,https://boxd.it/nK2s
2023-02-05,The Fall,2006,https://boxd.it/1NoM
2023-02-05,Samsara,2011,https://boxd.it/3ada
2023-02-05,The Godfather: Part II,1974,https://boxd.it/2aNq
2023-02-06,Climax,2018,https://boxd.it/ikvo
2023-02-11,Infinity Pool,2023,https://boxd.it/oPSK
2023-02-19,Taboo,1999,https://boxd.it/1DbI
2023-02-21,Sicario,2015,https://boxd.it/8i7u
2023-02-22,Close,2022,https://boxd.it/y4qa
2023-02-23,The Dictator,2012,https://boxd.it/2DEW
2023-02-23,The Wolf House,2018,https://boxd.it/i1vE
2023-02-23,Three Colours: Red,1994,https://boxd.it/2b7q
2023-02-28,Made of Air,2014,https://boxd.it/e88k
2023-02-28,Autumn Sonata,1978,https://boxd.it/1Rio
2023-02-28,Mauvais Sang,1986,https://boxd.it/5c6
2023-03-03,Blow Out,1981,https://boxd.it/1TlE
2023-03-03,Enter the Void,2009,https://boxd.it/1dy2
2023-03-03,"Darkness, Light, Darkness",1989,https://boxd.it/oFc
2023-03-03,Water Lilies,2007,https://boxd.it/1VjK
2023-03-03,Petite Maman,2021,https://boxd.it/s6je
2023-03-05,Borat Subsequent Moviefilm,2020,https://boxd.it/rNS0
2023-03-07,Into Great Silence,2005,https://boxd.it/1Uk8
2023-03-09,The Double Life of Véronique,1991,https://boxd.it/28va
2023-03-09,A Moment of Romance,1990,https://boxd.it/2PLU
2023-03-12,The Killing of a Sacred Deer,2017,https://boxd.it/dZ5G
2023-03-12,Russian Ark,2002,https://boxd.it/1JQM
2023-03-12,3-Iron,2004,https://boxd.it/28WK
2023-03-12,Cemetery of Splendor,2015,https://boxd.it/9tIo
2023-03-12,Syndromes and a Century,2006,https://boxd.it/1qHQ
2023-03-12,Blissfully Yours,2002,https://boxd.it/LFu
2023-03-15,Dreams,1990,https://boxd.it/1ROu
2023-03-18,Farewell Song,2019,https://boxd.it/lB1m
2023-03-18,The Farewell,2019,https://boxd.it/kIky
2023-03-18,The Power of the Dog,2021,https://boxd.it/m99E
2023-03-19,Lost Highway,1997,https://boxd.it/29Wc
2023-03-19,Blindspotting,2018,https://boxd.it/hDMw
2023-03-23,Swarm,2023,https://boxd.it/FIFe
2023-03-23,Vagabond,1985,https://boxd.it/T0u
2023-03-23,The Gleaners and I,2000,https://boxd.it/S6c
2023-03-24,Sorry to Bother You,2018,https://boxd.it/f21E
2023-03-24,EO,2022,https://boxd.it/txhc
2023-03-24,Midnight Express,1978,https://boxd.it/1U7I
2023-03-24,The Spirit of the Beehive,1973,https://boxd.it/24eY
2023-03-24,Ran,1985,https://boxd.it/1Tlu
2023-03-24,Late Spring,1949,https://boxd.it/1DkK
2023-03-24,L'Atalante,1934,https://boxd.it/ThU
2023-03-24,Beau Travail,1999,https://boxd.it/1NI8
2023-03-24,Man with a Movie Camera,1929,https://boxd.it/1u7s
2023-03-24,2001: A Space Odyssey,1968,https://boxd.it/2bf0
2023-03-24,The Passion of Joan of Arc,1928,https://boxd.it/29DO
2023-03-24,Life is Cheap... But Toilet Paper is Expensive,1989,https://boxd.it/6qfi
2023-03-27,I Am Not Madame Bovary,2016,https://boxd.it/e1AQ
2023-04-01,John Wick: Chapter 4,2023,https://boxd.it/mh48
2023-04-01,Wings of Desire,1987,https://boxd.it/2b26
2023-04-02,Shiva Baby,2020,https://boxd.it/oIv0
2023-04-04,Like Someone in Love,2012,https://boxd.it/3tOu
2023-04-04,From Beijing with Love,1994,https://boxd.it/Zuq
2023-04-06,Midnight Run,1988,https://boxd.it/1ZnQ
2023-04-06,Klute,1971,https://boxd.it/2ako
2023-04-08,Upstream Color,2013,https://boxd.it/4Cwc
2023-04-08,Primer,2004,https://boxd.it/6YA
2023-04-08,Fear and Loathing in Las Vegas,1998,https://boxd.it/27Xs
2023-04-18,Memento,2000,https://boxd.it/2bcK
2023-04-27,Kuroneko,1968,https://boxd.it/12mE
2023-04-30,Be-Bop High School,1985,https://boxd.it/4646
2023-05-11,The Tin Mine,2005,https://boxd.it/7lSG
2023-05-15,Passages,2023,https://boxd.it/xX9c
2023-05-25,Coherence,2013,https://boxd.it/6xza
2023-05-25,Anatomy of a Fall,2023,https://boxd.it/yuDE
2023-05-25,The Zone of Interest,2023,https://boxd.it/gJsA
2023-05-25,Youth (Spring),2023,https://boxd.it/hMzc
2023-05-25,Perfect Days,2023,https://boxd.it/ATh8
2023-05-25,May December,2023,https://boxd.it/vEE2
2023-05-25,Velvet Goldmine,1998,https://boxd.it/2878
2023-05-25,Monster,2023,https://boxd.it/DJEM
2023-05-25,Belle de Jour,1967,https://boxd.it/29Uq
2023-05-26,Moonlit Winter,2019,https://boxd.it/lfnK
2023-05-26,The Florida Project,2017,https://boxd.it/dMG0
2023-05-27,Audition,1999,https://boxd.it/1UHm
2023-05-29,The Secret Life of Walter Mitty,2013,https://boxd.it/3SWy
2023-05-29,The Accountant,2016,https://boxd.it/9EhI
2023-06-03,The Man Who Stole the Sun,1979,https://boxd.it/igK
2023-06-03,Cinema Paradiso,1988,https://boxd.it/1UlA
2023-06-08,Andhadhun,2018,https://boxd.it/jtfc
2023-06-10,But I'm a Cheerleader,1999,https://boxd.it/1CW4
2023-06-10,Mala Noche,1986,https://boxd.it/2avc
2023-06-10,Il Buco,2021,https://boxd.it/ozry
2023-07-02,CODA,2021,https://boxd.it/tbf4
2023-07-14,The Umbrellas of Cherbourg,1964,https://boxd.it/22fK
2023-07-14,Model Shop,1969,https://boxd.it/32UA
2023-07-17,I'm a Virgo,2023,https://boxd.it/FLQO
2023-07-17,Joyland,2022,https://boxd.it/AlzM
2023-07-17,La La Land,2016,https://boxd.it/a5fa
2023-07-17,Il Mare,2000,https://boxd.it/1RuO
2023-07-17,Rear Window,1954,https://boxd.it/2a6Q
2023-07-17,An American in Paris,1951,https://boxd.it/26kY
2023-07-17,Vive L'Amour,1994,https://boxd.it/2wsa
2023-07-17,"Goodbye, Dragon Inn",2003,https://boxd.it/oFG
2023-07-17,Four Lions,2010,https://boxd.it/18do
2023-07-17,Wendy and Lucy,2008,https://boxd.it/1Zx2
2023-07-17,Some Like It Hot,1959,https://boxd.it/2aNA
2023-07-17,Sunset Boulevard,1950,https://boxd.it/2a20
2023-07-17,BlackBerry,2023,https://boxd.it/CoVK
2023-07-17,Thief,1981,https://boxd.it/1TEc
2023-07-17,The Time to Live and the Time to Die,1985,https://boxd.it/Oc6
2023-07-17,Flowers of Shanghai,1998,https://boxd.it/Omq
2023-07-17,A City of Sadness,1989,https://boxd.it/EIm
2023-07-17,Café Lumière,2003,https://boxd.it/yNA
2023-07-17,Le Havre,2011,https://boxd.it/2vzu
2023-07-17,Only Lovers Left Alive,2013,https://boxd.it/4O1U
2023-07-17,I'm Thinking of Ending Things,2020,https://boxd.it/i4IQ
2023-07-17,Dazed and Confused,1993,https://boxd.it/1Ylk
2023-07-18,Funeral Parade of Roses,1969,https://boxd.it/28Cg
2023-07-22,Rouge,1987,https://boxd.it/2cdk
2023-07-23,Julien Donkey-Boy,1999,https://boxd.it/VNI
2023-07-23,Honeyland,2019,https://boxd.it/kL8K
2023-07-25,Dr. Strangelove or: How I Learned to Stop Worrying and Love the Bomb,1964,https://boxd.it/29eY
2023-07-30,Drunken Angel,1948,https://boxd.it/1uYQ
2023-08-01,My Dinner with Andre,1981,https://boxd.it/1vLe
2023-08-06,The Hand of God,2021,https://boxd.it/r5uI
2023-08-07,Pather Panchali,1955,https://boxd.it/22yC
2023-08-12,Patlabor: The Movie,1989,https://boxd.it/1NPe
2023-08-12,Annihilation,2018,https://boxd.it/9yzm
2023-08-12,Hero,2002,https://boxd.it/2bcq
2023-08-12,Plan 75,2022,https://boxd.it/Ac0I
2023-09-29,Fitzcarraldo,1982,https://boxd.it/1YV8
2023-09-29,Cleopatra Wong,1978,https://boxd.it/30MY
2023-09-29,Ghost World,2001,https://boxd.it/28Dy
2023-09-29,"sex, lies, and videotape",1989,https://boxd.it/28Oc
2023-09-29,Blow-Up,1966,https://boxd.it/2966
2023-09-29,Nosferatu,1922,https://boxd.it/29TM
2023-09-29,Eating Air,1999,https://boxd.it/R6U
2023-09-29,The Face of Another,1966,https://boxd.it/1nso
2023-10-03,Shame,2011,https://boxd.it/2CxU
2023-10-03,Hellraiser,1987,https://boxd.it/1Zpi
2023-10-03,Totally Fucked Up,1993,https://boxd.it/1fg0
2023-10-04,Shoplifters,2018,https://boxd.it/ifY6
2023-10-05,A Story of Yonosuke,2013,https://boxd.it/61pM
2023-10-05,The Rocking Horsemen,1992,https://boxd.it/4evO
2023-10-05,On the Beach at Night Alone,2017,https://boxd.it/fqEK
2023-10-05,One Fine Spring Day,2001,https://boxd.it/3jFC
2023-10-05,Dolls,2002,https://boxd.it/29pi
2023-10-05,Fireworks,1997,https://boxd.it/22mQ
2023-10-05,"One Sings, the Other Doesn't",1977,https://boxd.it/98s
2023-10-06,Lingua Franca,2019,https://boxd.it/lrp4
2023-10-06,Masculin Féminin,1966,https://boxd.it/23UY
2023-10-06,Breakfast on Pluto,2005,https://boxd.it/28MU
2023-10-06,The Taste of Tea,2004,https://boxd.it/1Mse
2023-10-09,Bringing Up Baby,1938,https://boxd.it/29ks
2023-10-09,Something Wild,1986,https://boxd.it/1UbU
2023-10-09,Pink Flamingos,1972,https://boxd.it/29NO
2023-10-09,Stranger Than Paradise,1984,https://boxd.it/2ajU
2023-10-11,House of Hummingbird,2018,https://boxd.it/jZ8C
2023-10-12,Tigertail,2020,https://boxd.it/jRik
2023-10-12,Come Here,2021,https://boxd.it/tVqC
